nrp,nama,kode_prodi,angkatan
5803024001,Evan  William,INF,2024
5803024002,Netanya  Caren Hilary,INF,2024
5803024003,Calvin  Liu Victory,INF,2024
5803024004,Jap  Robertus Kurniawan Setiabudi,INF,2024
5803024009,Efraim  Melvyn Rafelino Lahai,INF,2024
5803024010,Elizabeth  Yulita Abadi,INF,2024
5803024011,Benedictus  Erlangga,INF,2024
5803024012,Rafael  Julio Suseno,INF,2024
5803024013,Edward  Wibisono Yulianto,INF,2024
5803024014,Audrey  Elizabeth Gracesia,INF,2024
5803024015,Berliana  Az Zahra Tristianti,INF,2024
5803024016,Evander  Doxa Widiyanto,INF,2024
5803024017,Audrey  Raymond Immanuel,INF,2024
5803024018,Kevin  Matthew Siregar,INF,2024
5803024019,Bambang  Herlambang,INF,2024
5803024020,Geraldo  Lauvanno,INF,2024
5803024021,Dustin  Pranata Wangsawidjaja,INF,2024
5803024022,Matthew  Jeremy Setiawan,INF,2024
5803024023,Alexa  Bilxiz Aulia,INF,2024
5803024024,Sahita  Shafa Falosa,INF,2024
5803024025,Robertus  Geraldyn Alexandro Gabeler,INF,2024
5803024026,Gathan  Dwi Putra Darmawan,INF,2024
5803024027,Antonius  Charly Wanda Abul,INF,2024
5803024028,Andi  Andreas Aminadap M. Nawipa,INF,2024
5803025001,Nathan  Handoko Sugandi,INF,2025
5803025002,Evelyn  Sucitro,INF,2025
5803025003,Fino  Teguh Yulianto,INF,2025
5803025004,Michelle  Aquilera,INF,2025
5803025005,Owen  Christian Loa,INF,2025
5803025006,Boanerges  Yeremia Paskah Dwint,INF,2025
5803025007,Raphael  Timothy,INF,2025
5803025008,Kayla  Lovina Rofin,INF,2025
5803025009,Stephen  Yosafat,INF,2025
5803025010,Henokh  Giovan Hananto,INF,2025
5803025011,Arya  Satya,INF,2025
5803025013,Cliff  Julyano Santoso,INF,2025
5803025014,Alexander  Otniel Ta'lim,INF,2025
5803025015,Angelica  Tesvara Ardela,INF,2025
5803025016,Kendy  Jonathan Prasetya,INF,2025
5803025018,Biema  Putra Indra,INF,2025
5803025019,Benedictus  Rendra Andhika Putra Prasetya,INF,2025
5803025020,Yovan  Budianto Tanujaya,INF,2025
5803025021,Stanley  Timoti Gunawan,INF,2025
5803025022,Hugo  Chandra,INF,2025
5803025023,Marcello  Aylwen Grady Wijaya,INF,2025
5803025024,Rinaldo  Rizal,INF,2025
5803025025,Philippo  Mariernest Adi Budiman,INF,2025
5803025026,Evelyn  Adi Gloria,INF,2025
5803025027,Jeremy  Christian,INF,2025
5803025028,Ryver  Wize Tedjokumolo,INF,2025
5803025029,Farrel  Revalino Kennard,INF,2025
5803025030,Christopher  Elpras Angis,INF,2025
5803025031,Hulio  Fernando Febrian Soejatno,INF,2025
5803025032,Chris  Daud Koroh,INF,2025
5803025033,Franciscus  Xaverius Kenneth Lou,INF,2025
5803025034,Wenzel  Obert Santoso,INF,2025
5803025035,Alvin  Ho,INF,2025
5803025036,Mario  Geraldo Mbulu,INF,2025
5803025037,Edgard  Ariel Salomo Pello,INF,2025
5803025038,Jason  Heinrich Zelim,INF,2025
5803025039,Ofeleo  Precio Ilsen Salasa,INF,2025
5803025040,Chelvin  Alezandro Nanlohy,INF,2025
5803025041,Yustina  Rizky Sukma Pratiwi,INF,2025
5803025042,Gray  Keiji Matthew Moniaga,INF,2025
5803025043,Jevinca  Marvella Widjaya,INF,2025
5803025044,Basilius  Agung Lemba Leta,INF,2025
5803025045,Reuben  timothy winarno,INF,2025
5803025046,Carolus  Bramantyo Seno Mahesworo,INF,2025
5803025047,Matthew  Florentino Anandya Herlambang,INF,2025
5803025048,Zagar  Nashrullah,INF,2025
5803025049,Komang  Sila Nuartha Wibisana,INF,2025
5803025050,Yohannes  Marcel Lalopua,INF,2025
5803025051,Claudia  Cristovani Samudra,INF,2025
5803025052,Marvel  Ardo Guritno,INF,2025
5803025053,Delvyn  Dihardjo,INF,2025
5803025054,Albertus  Tandipada,INF,2025
5803025055,Marchello  Laurensius Samuel Karundeng,INF,2025
5803025056,Paul Gerrad Renwarin,INF,2025
5803025057,Muhammad Haikal Rahmatullah,INF,2025
5803026001,Louis  Gabriel,INF,2026
5803026002,Gregorius  Enrico Markandeya,INF,2026
5803026004,Benedicta  Celine Chavella,INF,2026
5803026005,Albertus  Katon Rossi Kurniawan,INF,2026
5803026006,Lionel  Hutomo,INF,2026
5803026007,Zertio  Constantine,INF,2026
5803026008,Joereno  Viandre Johan,INF,2026
5803026009,Joseph  Alexander Daniswara,INF,2026
5803026010,Kevin  Dharmawan Oemar,INF,2026
5803026011,Yefta  Fernando Setiawan,INF,2026
5803026012,Albertus  Reno Aditama,INF,2026
5803026013,Florrie  Florencia Anggono,INF,2026
5803026014,Felicia  Della Arsanti,INF,2026
5803026015,Justin  Carloz Marcelino,INF,2026
5803026017,Clarissa  Ardella,INF,2026
5803026018,Angelina  Jolin Wa,INF,2026
5803026019,Christian  Allen Susanto,INF,2026
5803026020,Gustavito  Dany Anggoro,INF,2026
5803026021,Valentino  Van Santoso,INF,2026
5803026022,Michael  Deovito Angka,INF,2026
5803026023,Viorano  Jovan Yaurentius,INF,2026
5803026024,Anisetus  Gea Putra,INF,2026
5803026025,Samuel  Kenthrich Rumende,INF,2026
5803026026,Intan  Teresia Sagala,INF,2026
5803026027,Gaudentius  Savio Ritan,INF,2026
5803026028,Melni  Rambu Luba Awa,INF,2026
5803026029,Wilsen  Tanamal,INF,2026
5803026030,Matthew  Sinclaire Lim,INF,2026
5803026031,Albertus  Maku,INF,2026
5803026032,Excel  Christoper Aries Wibowo,INF,2026
5803026033,Dominikus Savio Diaz,INF,2026
5803026034,Kevin Ongara Limbers,INF,2026
5803026035,Andhika Marfi Ramadhan,INF,2026
